INSERT INTO formation.CONSTITUTION_DIPLOME (IdDiplome, IdUE) VALUES('5104006IL','0704194')
INSERT INTO formation.CONSTITUTION_DIPLOME (IdDiplome, IdUE) VALUES('5104006IL','0704573')
INSERT INTO formation.CONSTITUTION_DIPLOME (IdDiplome, IdUE) VALUES('5104006IL','0804196')
INSERT INTO formation.CONSTITUTION_DIPLOME (IdDiplome, IdUE) VALUES('5104006IL','0804574')
INSERT INTO formation.CONSTITUTION_DIPLOME (IdDiplome, IdUE) VALUES('5104006IL','0804576')
INSERT INTO formation.CONSTITUTION_DIPLOME (IdDiplome, IdUE) VALUES('5104016IL','0704106')
INSERT INTO formation.CONSTITUTION_DIPLOME (IdDiplome, IdUE) VALUES('5104016IL','0704107')
INSERT INTO formation.CONSTITUTION_DIPLOME (IdDiplome, IdUE) VALUES('5104016IL','0704111')
INSERT INTO formation.CONSTITUTION_DIPLOME (IdDiplome, IdUE) VALUES('5104016IL','0704136')
INSERT INTO formation.CONSTITUTION_DIPLOME (IdDiplome, IdUE) VALUES('5104016IL','0704154')
INSERT INTO formation.CONSTITUTION_DIPLOME (IdDiplome, IdUE) VALUES('5104016IL','0704162')
INSERT INTO formation.CONSTITUTION_DIPLOME (IdDiplome, IdUE) VALUES('5104016IL','0704194')
INSERT INTO formation.CONSTITUTION_DIPLOME (IdDiplome, IdUE) VALUES('5104016IL','0704195')
INSERT INTO formation.CONSTITUTION_DIPLOME (IdDiplome, IdUE) VALUES('5104016IL','0704199')
INSERT INTO formation.CONSTITUTION_DIPLOME (IdDiplome, IdUE) VALUES('5104016IL','0704377')
INSERT INTO formation.CONSTITUTION_DIPLOME (IdDiplome, IdUE) VALUES('5104016IL','0704380')
INSERT INTO formation.CONSTITUTION_DIPLOME (IdDiplome, IdUE) VALUES('5104016IL','0704573')
INSERT INTO formation.CONSTITUTION_DIPLOME (IdDiplome, IdUE) VALUES('5104016IL','0804108')
INSERT INTO formation.CONSTITUTION_DIPLOME (IdDiplome, IdUE) VALUES('5104016IL','0804109')
INSERT INTO formation.CONSTITUTION_DIPLOME (IdDiplome, IdUE) VALUES('5104016IL','0804110')
INSERT INTO formation.CONSTITUTION_DIPLOME (IdDiplome, IdUE) VALUES('5104016IL','0804112')
INSERT INTO formation.CONSTITUTION_DIPLOME (IdDiplome, IdUE) VALUES('5104016IL','0804113')
INSERT INTO formation.CONSTITUTION_DIPLOME (IdDiplome, IdUE) VALUES('5104016IL','0804137')
INSERT INTO formation.CONSTITUTION_DIPLOME (IdDiplome, IdUE) VALUES('5104016IL','0804138')
INSERT INTO formation.CONSTITUTION_DIPLOME (IdDiplome, IdUE) VALUES('5104016IL','0804155')
INSERT INTO formation.CONSTITUTION_DIPLOME (IdDiplome, IdUE) VALUES('5104016IL','0804157')
INSERT INTO formation.CONSTITUTION_DIPLOME (IdDiplome, IdUE) VALUES('5104016IL','0804163')
INSERT INTO formation.CONSTITUTION_DIPLOME (IdDiplome, IdUE) VALUES('5104016IL','0804164')
INSERT INTO formation.CONSTITUTION_DIPLOME (IdDiplome, IdUE) VALUES('5104016IL','0804196')
INSERT INTO formation.CONSTITUTION_DIPLOME (IdDiplome, IdUE) VALUES('5104016IL','0804197')
INSERT INTO formation.CONSTITUTION_DIPLOME (IdDiplome, IdUE) VALUES('5104016IL','0804198')
INSERT INTO formation.CONSTITUTION_DIPLOME (IdDiplome, IdUE) VALUES('5104016IL','0804200')
INSERT INTO formation.CONSTITUTION_DIPLOME (IdDiplome, IdUE) VALUES('5104016IL','0804201')
INSERT INTO formation.CONSTITUTION_DIPLOME (IdDiplome, IdUE) VALUES('5104016IL','0804378')
INSERT INTO formation.CONSTITUTION_DIPLOME (IdDiplome, IdUE) VALUES('5104016IL','0804379')
INSERT INTO formation.CONSTITUTION_DIPLOME (IdDiplome, IdUE) VALUES('5104016IL','0804381')
INSERT INTO formation.CONSTITUTION_DIPLOME (IdDiplome, IdUE) VALUES('5104016IL','0804382')
INSERT INTO formation.CONSTITUTION_DIPLOME (IdDiplome, IdUE) VALUES('5104016IL','0804574')
INSERT INTO formation.CONSTITUTION_DIPLOME (IdDiplome, IdUE) VALUES('5104016IL','0804576')
INSERT INTO formation.CONSTITUTION_DIPLOME (IdDiplome, IdUE) VALUES('5104016IL','0900407')
INSERT INTO formation.CONSTITUTION_DIPLOME (IdDiplome, IdUE) VALUES('5104016IL','0904588')
INSERT INTO formation.CONSTITUTION_DIPLOME (IdDiplome, IdUE) VALUES('5104016IL','0904589')
INSERT INTO formation.CONSTITUTION_DIPLOME (IdDiplome, IdUE) VALUES('5104016IL','1000407')
INSERT INTO formation.CONSTITUTION_DIPLOME (IdDiplome, IdUE) VALUES('5104016IL','1004588')
INSERT INTO formation.CONSTITUTION_DIPLOME (IdDiplome, IdUE) VALUES('5104016IL','1004589')
INSERT INTO formation.CONSTITUTION_DIPLOME (IdDiplome, IdUE) VALUES('5104025IL','0704194')
INSERT INTO formation.CONSTITUTION_DIPLOME (IdDiplome, IdUE) VALUES('5104025IL','0704199')
INSERT INTO formation.CONSTITUTION_DIPLOME (IdDiplome, IdUE) VALUES('5104025IL','0804196')
INSERT INTO formation.CONSTITUTION_DIPLOME (IdDiplome, IdUE) VALUES('5104025IL','0804200')
INSERT INTO formation.CONSTITUTION_DIPLOME (IdDiplome, IdUE) VALUES('5104025IL','0804201')
INSERT INTO formation.CONSTITUTION_DIPLOME (IdDiplome, IdUE) VALUES('5104026IL','0704106')
INSERT INTO formation.CONSTITUTION_DIPLOME (IdDiplome, IdUE) VALUES('5104026IL','0704107')
INSERT INTO formation.CONSTITUTION_DIPLOME (IdDiplome, IdUE) VALUES('5104026IL','0704111')
INSERT INTO formation.CONSTITUTION_DIPLOME (IdDiplome, IdUE) VALUES('5104026IL','0704136')
INSERT INTO formation.CONSTITUTION_DIPLOME (IdDiplome, IdUE) VALUES('5104026IL','0704154')
INSERT INTO formation.CONSTITUTION_DIPLOME (IdDiplome, IdUE) VALUES('5104026IL','0704162')
INSERT INTO formation.CONSTITUTION_DIPLOME (IdDiplome, IdUE) VALUES('5104026IL','0704194')
INSERT INTO formation.CONSTITUTION_DIPLOME (IdDiplome, IdUE) VALUES('5104026IL','0704195')
INSERT INTO formation.CONSTITUTION_DIPLOME (IdDiplome, IdUE) VALUES('5104026IL','0704199')
INSERT INTO formation.CONSTITUTION_DIPLOME (IdDiplome, IdUE) VALUES('5104026IL','0704377')
INSERT INTO formation.CONSTITUTION_DIPLOME (IdDiplome, IdUE) VALUES('5104026IL','0704380')
INSERT INTO formation.CONSTITUTION_DIPLOME (IdDiplome, IdUE) VALUES('5104026IL','0704573')
INSERT INTO formation.CONSTITUTION_DIPLOME (IdDiplome, IdUE) VALUES('5104026IL','0804108')
INSERT INTO formation.CONSTITUTION_DIPLOME (IdDiplome, IdUE) VALUES('5104026IL','0804109')
INSERT INTO formation.CONSTITUTION_DIPLOME (IdDiplome, IdUE) VALUES('5104026IL','0804110')
INSERT INTO formation.CONSTITUTION_DIPLOME (IdDiplome, IdUE) VALUES('5104026IL','0804112')
INSERT INTO formation.CONSTITUTION_DIPLOME (IdDiplome, IdUE) VALUES('5104026IL','0804113')
INSERT INTO formation.CONSTITUTION_DIPLOME (IdDiplome, IdUE) VALUES('5104026IL','0804137')
INSERT INTO formation.CONSTITUTION_DIPLOME (IdDiplome, IdUE) VALUES('5104026IL','0804138')
INSERT INTO formation.CONSTITUTION_DIPLOME (IdDiplome, IdUE) VALUES('5104026IL','0804155')
INSERT INTO formation.CONSTITUTION_DIPLOME (IdDiplome, IdUE) VALUES('5104026IL','0804157')
INSERT INTO formation.CONSTITUTION_DIPLOME (IdDiplome, IdUE) VALUES('5104026IL','0804163')
INSERT INTO formation.CONSTITUTION_DIPLOME (IdDiplome, IdUE) VALUES('5104026IL','0804164')
INSERT INTO formation.CONSTITUTION_DIPLOME (IdDiplome, IdUE) VALUES('5104026IL','0804196')
INSERT INTO formation.CONSTITUTION_DIPLOME (IdDiplome, IdUE) VALUES('5104026IL','0804197')
INSERT INTO formation.CONSTITUTION_DIPLOME (IdDiplome, IdUE) VALUES('5104026IL','0804198')
INSERT INTO formation.CONSTITUTION_DIPLOME (IdDiplome, IdUE) VALUES('5104026IL','0804200')
INSERT INTO formation.CONSTITUTION_DIPLOME (IdDiplome, IdUE) VALUES('5104026IL','0804201')
INSERT INTO formation.CONSTITUTION_DIPLOME (IdDiplome, IdUE) VALUES('5104026IL','0804378')
INSERT INTO formation.CONSTITUTION_DIPLOME (IdDiplome, IdUE) VALUES('5104026IL','0804379')
INSERT INTO formation.CONSTITUTION_DIPLOME (IdDiplome, IdUE) VALUES('5104026IL','0804381')
INSERT INTO formation.CONSTITUTION_DIPLOME (IdDiplome, IdUE) VALUES('5104026IL','0804382')
INSERT INTO formation.CONSTITUTION_DIPLOME (IdDiplome, IdUE) VALUES('5104026IL','0804574')
INSERT INTO formation.CONSTITUTION_DIPLOME (IdDiplome, IdUE) VALUES('5104026IL','0804576')
INSERT INTO formation.CONSTITUTION_DIPLOME (IdDiplome, IdUE) VALUES('5104026IL','0900407')
INSERT INTO formation.CONSTITUTION_DIPLOME (IdDiplome, IdUE) VALUES('5104026IL','0904581')
INSERT INTO formation.CONSTITUTION_DIPLOME (IdDiplome, IdUE) VALUES('5104026IL','0904582')
INSERT INTO formation.CONSTITUTION_DIPLOME (IdDiplome, IdUE) VALUES('5104026IL','1000407')
INSERT INTO formation.CONSTITUTION_DIPLOME (IdDiplome, IdUE) VALUES('5104026IL','1004581')
INSERT INTO formation.CONSTITUTION_DIPLOME (IdDiplome, IdUE) VALUES('5104026IL','1004587')
INSERT INTO formation.CONSTITUTION_DIPLOME (IdDiplome, IdUE) VALUES('5104135IL','0704106')
INSERT INTO formation.CONSTITUTION_DIPLOME (IdDiplome, IdUE) VALUES('5104135IL','0704107')
INSERT INTO formation.CONSTITUTION_DIPLOME (IdDiplome, IdUE) VALUES('5104135IL','0704111')
INSERT INTO formation.CONSTITUTION_DIPLOME (IdDiplome, IdUE) VALUES('5104135IL','0704136')
INSERT INTO formation.CONSTITUTION_DIPLOME (IdDiplome, IdUE) VALUES('5104135IL','0704154')
INSERT INTO formation.CONSTITUTION_DIPLOME (IdDiplome, IdUE) VALUES('5104135IL','0704162')
INSERT INTO formation.CONSTITUTION_DIPLOME (IdDiplome, IdUE) VALUES('5104135IL','0704194')
INSERT INTO formation.CONSTITUTION_DIPLOME (IdDiplome, IdUE) VALUES('5104135IL','0704195')
INSERT INTO formation.CONSTITUTION_DIPLOME (IdDiplome, IdUE) VALUES('5104135IL','0704199')
INSERT INTO formation.CONSTITUTION_DIPLOME (IdDiplome, IdUE) VALUES('5104135IL','0704377')
INSERT INTO formation.CONSTITUTION_DIPLOME (IdDiplome, IdUE) VALUES('5104135IL','0704380')
INSERT INTO formation.CONSTITUTION_DIPLOME (IdDiplome, IdUE) VALUES('5104135IL','0704573')
INSERT INTO formation.CONSTITUTION_DIPLOME (IdDiplome, IdUE) VALUES('5104135IL','0804108')
INSERT INTO formation.CONSTITUTION_DIPLOME (IdDiplome, IdUE) VALUES('5104135IL','0804109')
INSERT INTO formation.CONSTITUTION_DIPLOME (IdDiplome, IdUE) VALUES('5104135IL','0804110')
INSERT INTO formation.CONSTITUTION_DIPLOME (IdDiplome, IdUE) VALUES('5104135IL','0804112')
INSERT INTO formation.CONSTITUTION_DIPLOME (IdDiplome, IdUE) VALUES('5104135IL','0804113')
INSERT INTO formation.CONSTITUTION_DIPLOME (IdDiplome, IdUE) VALUES('5104135IL','0804137')
INSERT INTO formation.CONSTITUTION_DIPLOME (IdDiplome, IdUE) VALUES('5104135IL','0804138')
INSERT INTO formation.CONSTITUTION_DIPLOME (IdDiplome, IdUE) VALUES('5104135IL','0804155')
INSERT INTO formation.CONSTITUTION_DIPLOME (IdDiplome, IdUE) VALUES('5104135IL','0804157')
INSERT INTO formation.CONSTITUTION_DIPLOME (IdDiplome, IdUE) VALUES('5104135IL','0804163')
INSERT INTO formation.CONSTITUTION_DIPLOME (IdDiplome, IdUE) VALUES('5104135IL','0804164')
INSERT INTO formation.CONSTITUTION_DIPLOME (IdDiplome, IdUE) VALUES('5104135IL','0804196')
INSERT INTO formation.CONSTITUTION_DIPLOME (IdDiplome, IdUE) VALUES('5104135IL','0804197')
INSERT INTO formation.CONSTITUTION_DIPLOME (IdDiplome, IdUE) VALUES('5104135IL','0804198')
INSERT INTO formation.CONSTITUTION_DIPLOME (IdDiplome, IdUE) VALUES('5104135IL','0804200')
INSERT INTO formation.CONSTITUTION_DIPLOME (IdDiplome, IdUE) VALUES('5104135IL','0804201')
INSERT INTO formation.CONSTITUTION_DIPLOME (IdDiplome, IdUE) VALUES('5104135IL','0804378')
INSERT INTO formation.CONSTITUTION_DIPLOME (IdDiplome, IdUE) VALUES('5104135IL','0804379')
INSERT INTO formation.CONSTITUTION_DIPLOME (IdDiplome, IdUE) VALUES('5104135IL','0804381')
INSERT INTO formation.CONSTITUTION_DIPLOME (IdDiplome, IdUE) VALUES('5104135IL','0804382')
INSERT INTO formation.CONSTITUTION_DIPLOME (IdDiplome, IdUE) VALUES('5104135IL','0804574')
INSERT INTO formation.CONSTITUTION_DIPLOME (IdDiplome, IdUE) VALUES('5104135IL','0804576')
INSERT INTO formation.CONSTITUTION_DIPLOME (IdDiplome, IdUE) VALUES('5104135IL','0900407')
INSERT INTO formation.CONSTITUTION_DIPLOME (IdDiplome, IdUE) VALUES('5104135IL','0904408')
INSERT INTO formation.CONSTITUTION_DIPLOME (IdDiplome, IdUE) VALUES('5104135IL','0904409')
INSERT INTO formation.CONSTITUTION_DIPLOME (IdDiplome, IdUE) VALUES('5104135IL','1000407')
INSERT INTO formation.CONSTITUTION_DIPLOME (IdDiplome, IdUE) VALUES('5104135IL','1004410')
INSERT INTO formation.CONSTITUTION_DIPLOME (IdDiplome, IdUE) VALUES('5104135IL','1004411')
INSERT INTO formation.CONSTITUTION_DIPLOME (IdDiplome, IdUE) VALUES('5104135IL','1004941')
INSERT INTO formation.CONSTITUTION_MODULES (IdModules, IdMatiere, NbTD) VALUES('3564','7400146',0)
INSERT INTO formation.CONSTITUTION_MODULES (IdModules, IdMatiere, NbCM) VALUES('28732','01220105',15)
INSERT INTO formation.CONSTITUTION_MODULES (IdModules, IdMatiere, NbCM) VALUES('28732','01240058',15)
INSERT INTO formation.CONSTITUTION_MODULES (IdModules, IdMatiere, NbCM) VALUES('28732','06200107',15)
INSERT INTO formation.CONSTITUTION_MODULES (IdModules, IdMatiere, NbTD) VALUES('28732','06210113',16)
INSERT INTO formation.CONSTITUTION_MODULES (IdModules, IdMatiere, NbCM) VALUES('28732','06280012',23)
INSERT INTO formation.CONSTITUTION_MODULES (IdModules, IdMatiere, NbTD) VALUES('28732','06290271',20)
INSERT INTO formation.CONSTITUTION_MODULES (IdModules, IdMatiere, NbCM) VALUES('28732','06300054',15)
INSERT INTO formation.CONSTITUTION_MODULES (IdModules, IdMatiere, NbCM) VALUES('28733','06210114',23)
INSERT INTO formation.CONSTITUTION_MODULES (IdModules, IdMatiere, NbCM) VALUES('28733','06230080',23)
INSERT INTO formation.CONSTITUTION_MODULES (IdModules, IdMatiere, NbCM) VALUES('28733','06340013',15)
INSERT INTO formation.CONSTITUTION_MODULES (IdModules, IdMatiere, NbCM) VALUES('28733','06340014',15)
INSERT INTO formation.CONSTITUTION_MODULES (IdModules, IdMatiere, NbCM) VALUES('28733','14190042',15)
INSERT INTO formation.CONSTITUTION_MODULES (IdModules, IdMatiere, NbCM) VALUES('28734','02240027',15)
INSERT INTO formation.CONSTITUTION_MODULES (IdModules, IdMatiere, NbTD) VALUES('28734','06200108',8)
INSERT INTO formation.CONSTITUTION_MODULES (IdModules, IdMatiere, NbCM) VALUES('28734','06210115',30)
INSERT INTO formation.CONSTITUTION_MODULES (IdModules, IdMatiere, NbTD) VALUES('28734','06210116',16)
INSERT INTO formation.CONSTITUTION_MODULES (IdModules, IdMatiere, NbTD) VALUES('28734','06290272',20)
INSERT INTO formation.CONSTITUTION_MODULES (IdModules, IdMatiere, NbCM) VALUES('28735','06210117',15)
INSERT INTO formation.CONSTITUTION_MODULES (IdModules, IdMatiere, NbTD) VALUES('28735','06210118',8)
INSERT INTO formation.CONSTITUTION_MODULES (IdModules, IdMatiere, NbCM) VALUES('28735','06210119',15)
INSERT INTO formation.CONSTITUTION_MODULES (IdModules, IdMatiere, NbCM) VALUES('28735','06240127',15)
INSERT INTO formation.CONSTITUTION_MODULES (IdModules, IdMatiere, NbTD) VALUES('28735','06340015',8)
INSERT INTO formation.CONSTITUTION_MODULES (IdModules, IdMatiere, NbCM) VALUES('28735','14190043',15)
INSERT INTO formation.CONSTITUTION_MODULES (IdModules, IdMatiere, NbCM) VALUES('28736','06290132',0)
INSERT INTO formation.CONSTITUTION_MODULES (IdModules, IdMatiere, NbCM) VALUES('28737','06210120',15)
INSERT INTO formation.CONSTITUTION_MODULES (IdModules, IdMatiere, NbCM) VALUES('28737','06220046',15)
INSERT INTO formation.CONSTITUTION_MODULES (IdModules, IdMatiere, NbCM) VALUES('28737','06230081',15)
INSERT INTO formation.CONSTITUTION_MODULES (IdModules, IdMatiere, NbCM) VALUES('28737','06310023',15)
INSERT INTO formation.CONSTITUTION_MODULES (IdModules, IdMatiere, NbCM) VALUES('28737','25200007',15)
INSERT INTO formation.CONSTITUTION_MODULES (IdModules, IdMatiere, NbCM) VALUES('28737','27210005',15)
INSERT INTO formation.CONSTITUTION_MODULES (IdModules, IdMatiere, NbCM) VALUES('28738','02240027',15)
INSERT INTO formation.CONSTITUTION_MODULES (IdModules, IdMatiere, NbCM) VALUES('28738','06210121',15)
INSERT INTO formation.CONSTITUTION_MODULES (IdModules, IdMatiere, NbCM) VALUES('28738','06210122',15)
INSERT INTO formation.CONSTITUTION_MODULES (IdModules, IdMatiere, NbCM) VALUES('28738','06210123',15)
INSERT INTO formation.CONSTITUTION_MODULES (IdModules, IdMatiere, NbTD) VALUES('28738','06220047',8)
INSERT INTO formation.CONSTITUTION_MODULES (IdModules, IdMatiere, NbCM) VALUES('28738','06230082',15)
INSERT INTO formation.CONSTITUTION_MODULES (IdModules, IdMatiere, NbCM) VALUES('28738','06240128',15)
INSERT INTO formation.CONSTITUTION_MODULES (IdModules, IdMatiere, NbCM) VALUES('28739','06290133',0)
INSERT INTO formation.CONSTITUTION_MODULES (IdModules, IdMatiere, NbCM) VALUES('30922','01240061',30)
INSERT INTO formation.CONSTITUTION_MODULES (IdModules, IdMatiere, NbCM) VALUES('30922','06210129',30)
INSERT INTO formation.CONSTITUTION_MODULES (IdModules, IdMatiere, NbCM) VALUES('30922','06210130',12)
INSERT INTO formation.CONSTITUTION_MODULES (IdModules, IdMatiere, NbCM) VALUES('30923','01240062',15)
INSERT INTO formation.CONSTITUTION_MODULES (IdModules, IdMatiere, NbTD) VALUES('30923','05200029',16)
INSERT INTO formation.CONSTITUTION_MODULES (IdModules, IdMatiere, NbCM) VALUES('30923','06210131',15)
INSERT INTO formation.CONSTITUTION_MODULES (IdModules, IdMatiere, NbCM) VALUES('30923','06210419',15)
INSERT INTO formation.CONSTITUTION_MODULES (IdModules, IdMatiere, NbCM) VALUES('30923','06290273',15)
INSERT INTO formation.CONSTITUTION_MODULES (IdModules, IdMatiere, NbTD) VALUES('30941','06290139',0)
INSERT INTO formation.CONSTITUTION_MODULES (IdModules, IdMatiere, NbTP) VALUES('33022','06200090',0)
INSERT INTO formation.CONSTITUTION_MODULES (IdModules, IdMatiere, NbTD) VALUES('33023','06240068',16)
INSERT INTO formation.CONSTITUTION_MODULES (IdModules, IdMatiere, NbCM) VALUES('33023','06240069',30)
INSERT INTO formation.CONSTITUTION_MODULES (IdModules, IdMatiere, NbTD) VALUES('33023','06240070',6)
INSERT INTO formation.CONSTITUTION_MODULES (IdModules, IdMatiere, NbCM) VALUES('33024','06240071',15)
INSERT INTO formation.CONSTITUTION_MODULES (IdModules, IdMatiere, NbCM) VALUES('33024','06240072',15)
INSERT INTO formation.CONSTITUTION_MODULES (IdModules, IdMatiere, NbCM) VALUES('33024','06240073',15)
INSERT INTO formation.CONSTITUTION_MODULES (IdModules, IdMatiere, NbCM) VALUES('33024','06240074',15)
INSERT INTO formation.CONSTITUTION_MODULES (IdModules, IdMatiere, NbCM) VALUES('33024','06270015',15)
INSERT INTO formation.CONSTITUTION_MODULES (IdModules, IdMatiere, NbCM) VALUES('33024','06320036',15)
INSERT INTO formation.CONSTITUTION_MODULES (IdModules, IdMatiere, NbTD) VALUES('33064','06290142',0)
INSERT INTO formation.CONSTITUTION_MODULES (IdModules, IdMatiere, NbTD) VALUES('33065','06250021',16)
INSERT INTO formation.CONSTITUTION_MODULES (IdModules, IdMatiere, NbCM) VALUES('33065','06290151',12)
INSERT INTO formation.CONSTITUTION_MODULES (IdModules, IdMatiere, NbTD) VALUES('33065','06330001',16)
INSERT INTO formation.CONSTITUTION_MODULES (IdModules, IdMatiere, NbCM) VALUES('33066','06200133',15)
INSERT INTO formation.CONSTITUTION_MODULES (IdModules, IdMatiere, NbCM) VALUES('33066','06200134',15)
INSERT INTO formation.CONSTITUTION_MODULES (IdModules, IdMatiere, NbCM) VALUES('33066','06210152',15)
INSERT INTO formation.CONSTITUTION_MODULES (IdModules, IdMatiere, NbCM) VALUES('33066','06250022',15)
INSERT INTO formation.CONSTITUTION_MODULES (IdModules, IdMatiere, NbCM) VALUES('33066','06330002',15)
INSERT INTO formation.CONSTITUTION_MODULES (IdModules, IdMatiere, NbCM) VALUES('33066','06330003',15)
INSERT INTO formation.CONSTITUTION_MODULES (IdModules, IdMatiere, NbTD) VALUES('38548','06200149',0)
INSERT INTO formation.CONSTITUTION_MODULES (IdModules, IdMatiere, NbCM) VALUES('38549','06210167',30)
INSERT INTO formation.CONSTITUTION_MODULES (IdModules, IdMatiere, NbCM) VALUES('38549','06220063',15)
INSERT INTO formation.CONSTITUTION_MODULES (IdModules, IdMatiere, NbCM) VALUES('38549','06300063',15)
INSERT INTO formation.CONSTITUTION_MODULES (IdModules, IdMatiere, NbTD) VALUES('38549','11180634',20)
INSERT INTO formation.CONSTITUTION_MODULES (IdModules, IdMatiere, NbCM) VALUES('38551','04210025',30)
INSERT INTO formation.CONSTITUTION_MODULES (IdModules, IdMatiere, NbCM) VALUES('38552','06220064',30)
INSERT INTO formation.CONSTITUTION_MODULES (IdModules, IdMatiere, NbCM) VALUES('38553','27230035',30)
INSERT INTO formation.CONSTITUTION_MODULES (IdModules, IdMatiere, NbTD) VALUES('38554','06300071',16)
INSERT INTO formation.CONSTITUTION_MODULES (IdModules, IdMatiere, NbCM) VALUES('38554','06300072',12)
INSERT INTO formation.CONSTITUTION_MODULES (IdModules, IdMatiere, NbCM) VALUES('38554','06310029',30)
INSERT INTO formation.CONSTITUTION_MODULES (IdModules, IdMatiere, NbTD) VALUES('38555','06210168',8)
INSERT INTO formation.CONSTITUTION_MODULES (IdModules, IdMatiere, NbTD) VALUES('38555','06220065',8)
INSERT INTO formation.CONSTITUTION_MODULES (IdModules, IdMatiere, NbTD) VALUES('38555','11180635',20)
INSERT INTO formation.CONSTITUTION_MODULES (IdModules, IdMatiere, NbCM) VALUES('38555','11180636',18)
INSERT INTO formation.CONSTITUTION_MODULES (IdModules, IdMatiere, NbCM) VALUES('38556','06230090',15)
INSERT INTO formation.CONSTITUTION_MODULES (IdModules, IdMatiere, NbCM) VALUES('38556','06300073',15)
INSERT INTO formation.CONSTITUTION_MODULES (IdModules, IdMatiere, NbCM) VALUES('38556','06300074',15)
INSERT INTO formation.CONSTITUTION_MODULES (IdModules, IdMatiere, NbCM) VALUES('38556','06300075',15)
INSERT INTO formation.CONSTITUTION_MODULES (IdModules, IdMatiere, NbCM) VALUES('38556','06300076',15)
INSERT INTO formation.CONSTITUTION_MODULES (IdModules, IdMatiere, NbCM) VALUES('38556','06300077',15)
INSERT INTO formation.CONSTITUTION_MODULES (IdModules, IdMatiere, NbCM) VALUES('38557','06300064',30)
INSERT INTO formation.CONSTITUTION_MODULES (IdModules, IdMatiere, NbCM) VALUES('38557','06300072',12)
INSERT INTO formation.CONSTITUTION_MODULES (IdModules, IdMatiere, NbCM) VALUES('38557','06310029',30)
INSERT INTO formation.CONSTITUTION_MODULES (IdModules, IdMatiere, NbCM) VALUES('38558','06300066',15)
INSERT INTO formation.CONSTITUTION_MODULES (IdModules, IdMatiere, NbCM) VALUES('38558','06300067',15)
INSERT INTO formation.CONSTITUTION_MODULES (IdModules, IdMatiere, NbCM) VALUES('38558','06300068',15)
INSERT INTO formation.CONSTITUTION_MODULES (IdModules, IdMatiere, NbCM) VALUES('38558','06300069',15)
INSERT INTO formation.CONSTITUTION_MODULES (IdModules, IdMatiere, NbCM) VALUES('38558','06300070',15)
INSERT INTO formation.CONSTITUTION_MODULES (IdModules, IdMatiere, NbCM) VALUES('38558','06320094',15)
INSERT INTO formation.CONSTITUTION_MODULES (IdModules, IdMatiere, NbTD) VALUES('38559','06200148',0)
INSERT INTO formation.CONSTITUTION_MODULES (IdModules, IdMatiere, NbCM) VALUES('39136','05260028',30)
INSERT INTO formation.CONSTITUTION_MODULES (IdModules, IdMatiere, NbTD) VALUES('39136','06220077',16)
INSERT INTO formation.CONSTITUTION_MODULES (IdModules, IdMatiere, NbCM) VALUES('39136','06260027',12)
INSERT INTO formation.CONSTITUTION_MODULES (IdModules, IdMatiere, NbCM) VALUES('39137','01220143',15)
INSERT INTO formation.CONSTITUTION_MODULES (IdModules, IdMatiere, NbCM) VALUES('39137','05260029',15)
INSERT INTO formation.CONSTITUTION_MODULES (IdModules, IdMatiere, NbCM) VALUES('39137','06220078',15)
INSERT INTO formation.CONSTITUTION_MODULES (IdModules, IdMatiere, NbCM) VALUES('39137','06260028',15)
INSERT INTO formation.CONSTITUTION_MODULES (IdModules, IdMatiere, NbCM) VALUES('39137','06260029',15)
INSERT INTO formation.CONSTITUTION_MODULES (IdModules, IdMatiere, NbCM) VALUES('39137','06260030',15)
INSERT INTO formation.CONSTITUTION_MODULES (IdModules, IdMatiere, NbTD) VALUES('39138','06290155',0)
INSERT INTO formation.CONSTITUTION_MODULES (IdModules, IdMatiere, NbCM) VALUES('39139','06220079',30)
INSERT INTO formation.CONSTITUTION_MODULES (IdModules, IdMatiere, NbCM) VALUES('39139','06260031',30)
INSERT INTO formation.CONSTITUTION_MODULES (IdModules, IdMatiere, NbTD) VALUES('39139','06260032',6)
INSERT INTO formation.CONSTITUTION_MODULES (IdModules, IdMatiere, NbTD) VALUES('39140','06290156',0)
INSERT INTO formation.CONSTITUTION_MODULES (IdModules, IdMatiere, NbCM) VALUES('39141','06220080',15)
INSERT INTO formation.CONSTITUTION_MODULES (IdModules, IdMatiere, NbCM) VALUES('39141','06240147',15)
INSERT INTO formation.CONSTITUTION_MODULES (IdModules, IdMatiere, NbCM) VALUES('39141','06250055',15)
INSERT INTO formation.CONSTITUTION_MODULES (IdModules, IdMatiere, NbTD) VALUES('39141','06260033',8)
INSERT INTO formation.CONSTITUTION_MODULES (IdModules, IdMatiere, NbCM) VALUES('39141','06260034',15)
INSERT INTO formation.CONSTITUTION_MODULES (IdModules, IdMatiere, NbTD) VALUES('39141','06300109',8)
INSERT INTO formation.CONSTITUTION_MODULES (IdModules, IdMatiere, NbCM) VALUES('39243','02240042',23)
INSERT INTO formation.CONSTITUTION_MODULES (IdModules, IdMatiere, NbCM) VALUES('39243','06300110',23)
INSERT INTO formation.CONSTITUTION_MODULES (IdModules, IdMatiere, NbCM) VALUES('39243','27210010',23)
INSERT INTO formation.CONSTITUTION_MODULES (IdModules, IdMatiere, NbCM) VALUES('39245','06310036',23)
INSERT INTO formation.CONSTITUTION_MODULES (IdModules, IdMatiere, NbCM) VALUES('39246','06200098',23)
INSERT INTO formation.CONSTITUTION_MODULES (IdModules, IdMatiere, NbCM) VALUES('39247','06300119',23)
INSERT INTO formation.CONSTITUTION_MODULES (IdModules, IdMatiere, NbCM) VALUES('39248','06300120',23)
INSERT INTO formation.CONSTITUTION_MODULES (IdModules, IdMatiere, NbCM) VALUES('39249','06300118',23)
INSERT INTO formation.CONSTITUTION_MODULES (IdModules, IdMatiere, NbCM) VALUES('39250','06220086',23)
INSERT INTO formation.CONSTITUTION_MODULES (IdModules, IdMatiere, NbCM) VALUES('39251','06200176',23)
INSERT INTO formation.CONSTITUTION_MODULES (IdModules, IdMatiere, NbCM) VALUES('39252','06310040',23)
INSERT INTO formation.CONSTITUTION_MODULES (IdModules, IdMatiere, NbCM) VALUES('39253','06310037',23)
INSERT INTO formation.CONSTITUTION_MODULES (IdModules, IdMatiere, NbCM) VALUES('39254','06220083',23)
INSERT INTO formation.CONSTITUTION_MODULES (IdModules, IdMatiere, NbCM) VALUES('39255','27220008',23)
INSERT INTO formation.CONSTITUTION_MODULES (IdModules, IdMatiere, NbCM) VALUES('39256','06310041',23)
INSERT INTO formation.CONSTITUTION_MODULES (IdModules, IdMatiere, NbCM) VALUES('39257','06300114',23)
INSERT INTO formation.CONSTITUTION_MODULES (IdModules, IdMatiere, NbCM) VALUES('39257','06300115',23)
INSERT INTO formation.CONSTITUTION_MODULES (IdModules, IdMatiere, NbCM) VALUES('39257','06300116',23)
INSERT INTO formation.CONSTITUTION_MODULES (IdModules, IdMatiere, NbCM) VALUES('39259','06300117',23)
INSERT INTO formation.CONSTITUTION_MODULES (IdModules, IdMatiere, NbCM) VALUES('39260','06220084',23)
INSERT INTO formation.CONSTITUTION_MODULES (IdModules, IdMatiere, NbCM) VALUES('39261','06310042',23)
INSERT INTO formation.CONSTITUTION_MODULES (IdModules, IdMatiere, NbCM) VALUES('39262','06200099',23)
INSERT INTO formation.CONSTITUTION_MODULES (IdModules, IdMatiere, NbCM) VALUES('39263','06300121',23)
INSERT INTO formation.CONSTITUTION_MODULES (IdModules, IdMatiere, NbCM) VALUES('39264','06210192',23)
INSERT INTO formation.CONSTITUTION_MODULES (IdModules, IdMatiere, NbCM) VALUES('39265','06310039',23)
INSERT INTO formation.CONSTITUTION_MODULES (IdModules, IdMatiere, NbCM) VALUES('39266','06220087',23)
INSERT INTO formation.CONSTITUTION_MODULES (IdModules, IdMatiere, NbCM) VALUES('39267','06310043',23)
INSERT INTO formation.CONSTITUTION_MODULES (IdModules, IdMatiere, NbCM) VALUES('39268','06310038',23)
INSERT INTO formation.CONSTITUTION_MODULES (IdModules, IdMatiere, NbCM) VALUES('39269','06230102',23)
INSERT INTO formation.CONSTITUTION_MODULES (IdModules, IdMatiere, NbCM) VALUES('39270','05220015',23)
INSERT INTO formation.CONSTITUTION_MODULES (IdModules, IdMatiere, NbCM) VALUES('39270','06200186',8)
INSERT INTO formation.CONSTITUTION_MODULES (IdModules, IdMatiere, NbCM) VALUES('39270','06220085',23)
INSERT INTO formation.CONSTITUTION_MODULES (IdModules, IdMatiere, NbCM) VALUES('39270','06260036',18)
INSERT INTO formation.CONSTITUTION_MODULES (IdModules, IdMatiere, NbCM) VALUES('39272','06270024',23)
INSERT INTO formation.CONSTITUTION_MODULES (IdModules, IdMatiere, NbCM) VALUES('39273','06200192',23)
INSERT INTO formation.CONSTITUTION_MODULES (IdModules, IdMatiere, NbCM) VALUES('39274','06250057',23)
INSERT INTO formation.CONSTITUTION_MODULES (IdModules, IdMatiere, NbCM) VALUES('39275','27220009',23)
INSERT INTO formation.CONSTITUTION_MODULES (IdModules, IdMatiere, NbCM) VALUES('39276','27290012',23)
INSERT INTO formation.CONSTITUTION_MODULES (IdModules, IdMatiere, NbCM) VALUES('39277','06300098',23)
INSERT INTO formation.CONSTITUTION_MODULES (IdModules, IdMatiere, NbCM) VALUES('39278','06210193',23)
INSERT INTO formation.CONSTITUTION_MODULES (IdModules, IdMatiere, NbCM) VALUES('39279','06230103',23)
INSERT INTO formation.CONSTITUTION_MODULES (IdModules, IdMatiere, NbCM) VALUES('39280','06310044',23)
INSERT INTO formation.CONSTITUTION_MODULES (IdModules, IdMatiere, NbTD) VALUES('39281','06290157',0)
INSERT INTO formation.CONSTITUTION_MODULES (IdModules, IdMatiere, NbTD) VALUES('40062','27210013',16)
INSERT INTO formation.CONSTITUTION_MODULES (IdModules, IdMatiere, NbCM) VALUES('40062','27220010',30)
INSERT INTO formation.CONSTITUTION_MODULES (IdModules, IdMatiere, NbCM) VALUES('40062','27290016',12)
INSERT INTO formation.CONSTITUTION_MODULES (IdModules, IdMatiere, NbTD) VALUES('40063','06290178',0)
INSERT INTO formation.CONSTITUTION_MODULES (IdModules, IdMatiere, NbCM) VALUES('40064','27270012',30)
INSERT INTO formation.CONSTITUTION_MODULES (IdModules, IdMatiere, NbCM) VALUES('40064','27290014',30)
INSERT INTO formation.CONSTITUTION_MODULES (IdModules, IdMatiere, NbCM) VALUES('40064','27290015',30)
INSERT INTO formation.CONSTITUTION_MODULES (IdModules, IdMatiere, NbCM) VALUES('40073','27210014',23)
INSERT INTO formation.CONSTITUTION_MODULES (IdModules, IdMatiere, NbCM) VALUES('40073','27210015',23)
INSERT INTO formation.CONSTITUTION_MODULES (IdModules, IdMatiere, NbCM) VALUES('40073','27260011',23)
INSERT INTO formation.CONSTITUTION_MODULES (IdModules, IdMatiere, NbCM) VALUES('40073','27290018',23)
INSERT INTO formation.CONSTITUTION_MODULES (IdModules, IdMatiere, NbCM) VALUES('40073','27290019',23)
INSERT INTO formation.CONSTITUTION_MODULES (IdModules, IdMatiere, NbCM) VALUES('40075','27210016',23)
INSERT INTO formation.CONSTITUTION_MODULES (IdModules, IdMatiere, NbCM) VALUES('40075','27260012',23)
INSERT INTO formation.CONSTITUTION_MODULES (IdModules, IdMatiere, NbCM) VALUES('40075','27290017',23)
INSERT INTO formation.CONSTITUTION_MODULES (IdModules, IdMatiere, NbCM) VALUES('40075','27340003',23)
INSERT INTO formation.CONSTITUTION_MODULES (IdModules, IdMatiere, NbCM) VALUES('40076','06200099',23)
INSERT INTO formation.CONSTITUTION_MODULES (IdModules, IdMatiere, NbCM) VALUES('40077','27210017',23)
INSERT INTO formation.CONSTITUTION_MODULES (IdModules, IdMatiere, NbCM) VALUES('40078','06200249',8)
INSERT INTO formation.CONSTITUTION_MODULES (IdModules, IdMatiere, NbCM) VALUES('40078','06260036',18)
INSERT INTO formation.CONSTITUTION_MODULES (IdModules, IdMatiere, NbCM) VALUES('40078','71340000',23)
INSERT INTO formation.CONSTITUTION_MODULES (IdModules, IdMatiere, NbTD) VALUES('40082','27300000',23)
INSERT INTO formation.CONSTITUTION_MODULES (IdModules, IdMatiere, NbCM) VALUES('40085','27290021',23)
INSERT INTO formation.CONSTITUTION_MODULES (IdModules, IdMatiere, NbCM) VALUES('40086','27300001',23)
INSERT INTO formation.CONSTITUTION_MODULES (IdModules, IdMatiere, NbCM) VALUES('40087','27290013',23)
INSERT INTO formation.CONSTITUTION_MODULES (IdModules, IdMatiere, NbTD) VALUES('40089','06290182',0)
INSERT INTO formation.CONSTITUTION_MODULES (IdModules, IdMatiere, NbCM) VALUES('40091','06270043',23)
INSERT INTO formation.CONSTITUTION_MODULES (IdModules, IdMatiere, NbCM) VALUES('40091','27260011',23)
INSERT INTO formation.CONSTITUTION_MODULES (IdModules, IdMatiere, NbCM) VALUES('40091','71290063',23)
INSERT INTO formation.CONSTITUTION_MODULES (IdModules, IdMatiere, NbCM) VALUES('40091','71340001',23)
INSERT INTO formation.CONSTITUTION_MODULES (IdModules, IdMatiere, NbCM) VALUES('40091','71350000',23)
INSERT INTO formation.CONSTITUTION_MODULES (IdModules, IdMatiere, NbCM) VALUES('40092','27250000',23)
INSERT INTO formation.CONSTITUTION_MODULES (IdModules, IdMatiere, NbCM) VALUES('40092','27340003',23)
INSERT INTO formation.CONSTITUTION_MODULES (IdModules, IdMatiere, NbCM) VALUES('40092','71280046',23)
INSERT INTO formation.CONSTITUTION_MODULES (IdModules, IdMatiere, NbCM) VALUES('40092','71290064',23)
INSERT INTO formation.CONSTITUTION_MODULES (IdModules, IdMatiere, NbCM) VALUES('40094','06200099',23)
INSERT INTO formation.CONSTITUTION_MODULES (IdModules, IdMatiere, NbCM) VALUES('40095','27210018',23)
INSERT INTO formation.CONSTITUTION_MODULES (IdModules, IdMatiere, NbCM) VALUES('40096','06200250',8)
INSERT INTO formation.CONSTITUTION_MODULES (IdModules, IdMatiere, NbCM) VALUES('40096','06260036',18)
INSERT INTO formation.CONSTITUTION_MODULES (IdModules, IdMatiere, NbCM) VALUES('40096','71340000',23)
INSERT INTO formation.CONSTITUTION_MODULES (IdModules, IdMatiere, NbCM) VALUES('40098','27340004',23)
INSERT INTO formation.CONSTITUTION_MODULES (IdModules, IdMatiere, NbCM) VALUES('40099','06210242',23)
INSERT INTO formation.CONSTITUTION_MODULES (IdModules, IdMatiere, NbTD) VALUES('40100','06290184',0)
INSERT INTO formation.CONSTITUTION_MODULES (IdModules, IdMatiere, NbCM) VALUES('40952','27260013',23)
INSERT INTO formation.CONSTITUTION_MODULES (IdModules, IdMatiere, NbCM) VALUES('40952','27290013',23)
INSERT INTO formation.CONSTITUTION_MODULES (IdModules, IdMatiere, NbCM) VALUES('40952','27290034',23)
INSERT INTO formation.CONSTITUTION_MODULES (IdModules, IdMatiere, NbCM) VALUES('40953','27290020',23)
INSERT INTO formation.CONSTITUTION_MODULES (IdModules, IdMatiere, NbCM) VALUES('41471','06310045',23)
INSERT INTO formation.CONSTITUTION_MODULES (IdModules, IdMatiere, NbTD) VALUES('41657','99000450',0)
INSERT INTO formation.CONSTITUTION_MODULES (IdModules, IdMatiere, NbCM) VALUES('41759','99000462',0)
INSERT INTO formation.CONSTITUTION_MODULES (IdModules, IdMatiere, NbCM) VALUES('41762','99000463',0)
INSERT INTO formation.CONSTITUTION_MODULES (IdModules, IdMatiere, NbCM) VALUES('42464','06300305',23)
INSERT INTO formation.CONSTITUTION_MODULES (IdModules, IdMatiere, NbCM) VALUES('42466','27290013',23)
INSERT INTO formation.CONSTITUTION_MODULES (IdModules, IdMatiere, NbTD) VALUES('43183','74000190',0)
INSERT INTO formation.DIPLOME (IdDiplome, Intitule) VALUES ('5104006IL', 'Master 1 mention Management des Systemes d Information')
INSERT INTO formation.DIPLOME (IdDiplome, Intitule) VALUES('5104016IL', 'Master 2 mention Management des Systemes d Information spe MSI prog Managt et Strategie des Syst.d Information (MS2I)')
INSERT INTO formation.DIPLOME (IdDiplome, Intitule) VALUES('5104025IL', 'Master 1 mention Finance spe Banque et Patrimoine')
INSERT INTO formation.DIPLOME (IdDiplome, Intitule) VALUES('5104026IL', 'Master 2 mention Management des Systemes d Information spe MSI prog Systemes d Information Avances (SIA)')
INSERT INTO formation.DIPLOME (IdDiplome, Intitule) VALUES('5104135IL', 'Master 2 mention Finance spe Finance-Controle-Diagnostic prog Finance d Entreprise')
INSERT INTO formation.UE (IdUE, Intitule) VALUES('0704106', 'UE1 Management des Equipes et Qualite')
INSERT INTO formation.UE (IdUE, Intitule) VALUES('0704107', 'Tronc commun Management Socio-economique')
INSERT INTO formation.UE (IdUE, Intitule) VALUES('0704111', 'UE1 Audit et Gestion Operationnels')
INSERT INTO formation.UE (IdUE, Intitule) VALUES('0704136', 'UE Management Ressources Humaines&Organisation')
INSERT INTO formation.UE (IdUE, Intitule) VALUES('0704154', 'UE Marketing et Vente')
INSERT INTO formation.UE (IdUE, Intitule) VALUES('0704162', 'UE Management des Operations et Qualite')
INSERT INTO formation.UE (IdUE, Intitule) VALUES('0704194', 'UE Tronc Commun ')
INSERT INTO formation.UE (IdUE, Intitule) VALUES('0704195', 'UE Finance Controle Diagnostic')
INSERT INTO formation.UE (IdUE, Intitule) VALUES('0704199', 'UE Banque et Patrimoine')
INSERT INTO formation.UE (IdUE, Intitule) VALUES('0704377', 'UE Affaires Internationales')
INSERT INTO formation.UE (IdUE, Intitule) VALUES('0704380', 'UE European Business Realities-Manager Europe')
INSERT INTO formation.UE (IdUE, Intitule) VALUES('0704573', 'UE MSI')
INSERT INTO formation.UE (IdUE, Intitule) VALUES('0804108', 'UE2 Management des Equipes et Qualite')
INSERT INTO formation.UE (IdUE, Intitule) VALUES('0804109', 'Tronc commun Management Socio-economique')
INSERT INTO formation.UE (IdUE, Intitule) VALUES('0804110', 'UE Stage Management des Equipes et Qualite')
INSERT INTO formation.UE (IdUE, Intitule) VALUES('0804112', 'UE2 Audit et Gestion Operationnels')
INSERT INTO formation.UE (IdUE, Intitule) VALUES('0804113', 'UE Stage Audit et Gestion Operationnels')
INSERT INTO formation.UE (IdUE, Intitule) VALUES('0804137', 'UE Management Ressources Humaines&Organisation')
INSERT INTO formation.UE (IdUE, Intitule) VALUES('0804138', 'UE Stage Management Ressources Humaines&Orga.')
INSERT INTO formation.UE (IdUE, Intitule) VALUES('0804155', 'UE Marketing et Vente')
INSERT INTO formation.UE (IdUE, Intitule) VALUES('0804157', 'UE Stage Marketing et Vente')
INSERT INTO formation.UE (IdUE, Intitule) VALUES('0804163', 'UE Management des Operations et Qualite')
INSERT INTO formation.UE (IdUE, Intitule) VALUES('0804164', 'UE Stage Management des Operations et Qualite')
INSERT INTO formation.UE (IdUE, Intitule) VALUES('0804196', 'UE Tronc Commun')
INSERT INTO formation.UE (IdUE, Intitule) VALUES('0804197', 'UE Finance Controle Diagnostic')
INSERT INTO formation.UE (IdUE, Intitule) VALUES('0804198', 'UE Stage Finance Controle Diagnostic')
INSERT INTO formation.UE (IdUE, Intitule) VALUES('0804200', 'UE Banque et Patrimoine')
INSERT INTO formation.UE (IdUE, Intitule) VALUES('0804201', 'UE Stage Banque et Patrimoine')
INSERT INTO formation.UE (IdUE, Intitule) VALUES('0804378', 'UE Affaires Internationales')
INSERT INTO formation.UE (IdUE, Intitule) VALUES('0804379', 'UE Stage Affaires Internationales')
INSERT INTO formation.UE (IdUE, Intitule) VALUES('0804381', 'UE European Business Realities-Manager Europe')
INSERT INTO formation.UE (IdUE, Intitule) VALUES('0804382', 'UE Stage European Business Realities-Manager Euro.')
INSERT INTO formation.UE (IdUE, Intitule) VALUES('0804574', 'UE MSI')
INSERT INTO formation.UE (IdUE, Intitule) VALUES('0804576', 'UE Stage')
INSERT INTO formation.UE (IdUE, Intitule) VALUES('0900407', 'UE Bonification de sport')
INSERT INTO formation.UE (IdUE, Intitule) VALUES('0904408', 'UE3A Finance d entreprise')
INSERT INTO formation.UE (IdUE, Intitule) VALUES('0904409', 'UE3B Finance d entreprise')
INSERT INTO formation.UE (IdUE, Intitule) VALUES('0904581', '3A-SIA')
INSERT INTO formation.UE (IdUE, Intitule) VALUES('0904582', '3B-SIA')
INSERT INTO formation.UE (IdUE, Intitule) VALUES('0904588', '3A-MS2I')
INSERT INTO formation.UE (IdUE, Intitule) VALUES('0904589', '3B-MS2I')
INSERT INTO formation.UE (IdUE, Intitule) VALUES('1000407', 'UE Bonification de sport')
INSERT INTO formation.UE (IdUE, Intitule) VALUES('1004410', 'UE4A Finance d entreprise')
INSERT INTO formation.UE (IdUE, Intitule) VALUES('1004411', 'UE4B Stage Finance d entreprise')
INSERT INTO formation.UE (IdUE, Intitule) VALUES('1004581', '4A-SIA')
INSERT INTO formation.UE (IdUE, Intitule) VALUES('1004587', '4-UE STAGE')
INSERT INTO formation.UE (IdUE, Intitule) VALUES('1004588', '4A-MS2I')
INSERT INTO formation.UE (IdUE, Intitule) VALUES('1004589', '4-UE STAGE')
INSERT INTO formation.UE (IdUE, Intitule) VALUES('1004941', 'UE Bonification pour projets collectifs')
INSERT INTO formation.MODULES (IdModules, Intitule, ModuleChoix) VALUES('3564', 'Sport',0)
INSERT INTO formation.MODULES (IdModules, Intitule, ModuleChoix) VALUES('28732', 'Tronc commun',false)
INSERT INTO formation.MODULES (IdModules, Intitule, ModuleChoix) VALUES('28733', 'Tronc commun',false)
INSERT INTO formation.MODULES (IdModules, Intitule, ModuleChoix) VALUES('28734', 'Tronc commun',false)
INSERT INTO formation.MODULES (IdModules, Intitule, ModuleChoix) VALUES('28735', 'Tronc commun',false)
INSERT INTO formation.MODULES (IdModules, Intitule, ModuleChoix) VALUES('28736', 'Stage',false)
INSERT INTO formation.MODULES (IdModules, Intitule, ModuleChoix) VALUES('28737', 'Tronc commun',false)
INSERT INTO formation.MODULES (IdModules, Intitule, ModuleChoix) VALUES('28738', 'Tronc commun',false)
INSERT INTO formation.MODULES (IdModules, Intitule, ModuleChoix) VALUES('28739', 'Stage',false)
INSERT INTO formation.MODULES (IdModules, Intitule, ModuleChoix) VALUES('30922', 'Tronc commun',false)
INSERT INTO formation.MODULES (IdModules, Intitule, ModuleChoix) VALUES('30923', 'Tronc commun',false)
INSERT INTO formation.MODULES (IdModules, Intitule, ModuleChoix) VALUES('30941', 'Stage',false)
INSERT INTO formation.MODULES (IdModules, Intitule, ModuleChoix) VALUES('33022', 'Stage',false)
INSERT INTO formation.MODULES (IdModules, Intitule, ModuleChoix) VALUES('33023', 'Tronc commun',false)
INSERT INTO formation.MODULES (IdModules, Intitule, ModuleChoix) VALUES('33024', 'Tronc commun',false)
INSERT INTO formation.MODULES (IdModules, Intitule, ModuleChoix) VALUES('33064', 'Stage et note de synthese',false)
INSERT INTO formation.MODULES (IdModules, Intitule, ModuleChoix) VALUES('33065', 'Tronc commun',false)
INSERT INTO formation.MODULES (IdModules, Intitule, ModuleChoix) VALUES('33066', 'Tronc commun',false)
INSERT INTO formation.MODULES (IdModules, Intitule, ModuleChoix) VALUES('38548', 'Stage et note de synthese',false)
INSERT INTO formation.MODULES (IdModules, Intitule, ModuleChoix) VALUES('38549', 'Tronc commun',false)
INSERT INTO formation.MODULES (IdModules, Intitule, ModuleChoix) VALUES('38551', 'Geopolitique et interculturel',true)
INSERT INTO formation.MODULES (IdModules, Intitule, ModuleChoix) VALUES('38552', 'Entrepreneuriat',true)
INSERT INTO formation.MODULES (IdModules, Intitule, ModuleChoix) VALUES('38553', 'NTIC et e-commerce',true)
INSERT INTO formation.MODULES (IdModules, Intitule, ModuleChoix) VALUES('38554', 'Tronc commun',false)
INSERT INTO formation.MODULES (IdModules, Intitule, ModuleChoix) VALUES('38555', 'Tronc commun',false)
INSERT INTO formation.MODULES (IdModules, Intitule, ModuleChoix) VALUES('38556', 'Tronc commun',false)
INSERT INTO formation.MODULES (IdModules, Intitule, ModuleChoix) VALUES('38557', 'Tronc commun',false)
INSERT INTO formation.MODULES (IdModules, Intitule, ModuleChoix) VALUES('38558', 'Tronc commun',false)
INSERT INTO formation.MODULES (IdModules, Intitule, ModuleChoix) VALUES('38559', 'Stage et note de synthese',false)
INSERT INTO formation.MODULES (IdModules, Intitule, ModuleChoix) VALUES('39136', 'Tronc commun',false)
INSERT INTO formation.MODULES (IdModules, Intitule, ModuleChoix) VALUES('39137', 'Tronc commun',false)
INSERT INTO formation.MODULES (IdModules, Intitule, ModuleChoix) VALUES('39138', 'Stage et note de synthese',false)
INSERT INTO formation.MODULES (IdModules, Intitule, ModuleChoix) VALUES('39139', 'Tronc commun',false)
INSERT INTO formation.MODULES (IdModules, Intitule, ModuleChoix) VALUES('39140', 'Stage et note de synthese',false)
INSERT INTO formation.MODULES (IdModules, Intitule, ModuleChoix) VALUES('39141', 'Tronc commun',false)
INSERT INTO formation.MODULES (IdModules, Intitule, ModuleChoix) VALUES('39243', 'Tronc commun',false)
INSERT INTO formation.MODULES (IdModules, Intitule, ModuleChoix) VALUES('39245', 'Audit legal',true)
INSERT INTO formation.MODULES (IdModules, Intitule, ModuleChoix) VALUES('39246', 'Construction projet de recherche en management',true)
INSERT INTO formation.MODULES (IdModules, Intitule, ModuleChoix) VALUES('39247', 'Diagnostic performance&situation financiere 1',true)
INSERT INTO formation.MODULES (IdModules, Intitule, ModuleChoix) VALUES('39248', 'Diagnostic de la fonction commerciale',true)
INSERT INTO formation.MODULES (IdModules, Intitule, ModuleChoix) VALUES('39249', 'Diagnostic des ressources technologiques',true)
INSERT INTO formation.MODULES (IdModules, Intitule, ModuleChoix) VALUES('39250', 'Diagnostic strategique',true)
INSERT INTO formation.MODULES (IdModules, Intitule, ModuleChoix) VALUES('39251', 'Les dernieres avancees en management en finance',true)
INSERT INTO formation.MODULES (IdModules, Intitule, ModuleChoix) VALUES('39252', 'Methodologie de l audit interne',true)
INSERT INTO formation.MODULES (IdModules, Intitule, ModuleChoix) VALUES('39253', 'Outils specifiques du controle de gestion',true)
INSERT INTO formation.MODULES (IdModules, Intitule, ModuleChoix) VALUES('39254', 'Performance&developpement durable organisations',true)
INSERT INTO formation.MODULES (IdModules, Intitule, ModuleChoix) VALUES('39255', 'Systeme d information integre&controle de gestion',true)
INSERT INTO formation.MODULES (IdModules, Intitule, ModuleChoix) VALUES('39256', 'Techniques de l audit',true)
INSERT INTO formation.MODULES (IdModules, Intitule, ModuleChoix) VALUES('39257', 'Tronc commun',false)
INSERT INTO formation.MODULES (IdModules, Intitule, ModuleChoix) VALUES('39259', 'Analyse des risques en audit financier',false)
INSERT INTO formation.MODULES (IdModules, Intitule, ModuleChoix) VALUES('39260', 'Approches fonctionnelles&sectorielles du pilotage',false)
INSERT INTO formation.MODULES (IdModules, Intitule, ModuleChoix) VALUES('39261', 'Audit interne et management du risque',false)
INSERT INTO formation.MODULES (IdModules, Intitule, ModuleChoix) VALUES('39262', 'Construction projet de recherche en management',false)
INSERT INTO formation.MODULES (IdModules, Intitule, ModuleChoix) VALUES('39263', 'Diagnostic performance&situation financiere 2',false)
INSERT INTO formation.MODULES (IdModules, Intitule, ModuleChoix) VALUES('39264', 'Diagnostic organisationnel',false)
INSERT INTO formation.MODULES (IdModules, Intitule, ModuleChoix) VALUES('39265', 'Excel et visual basic pour le controle de gestion',false)
INSERT INTO formation.MODULES (IdModules, Intitule, ModuleChoix) VALUES('39266', 'L entreprise en difficulte',false)
INSERT INTO formation.MODULES (IdModules, Intitule, ModuleChoix) VALUES('39267', 'Les referentiels de controle interne',false)
INSERT INTO formation.MODULES (IdModules, Intitule, ModuleChoix) VALUES('39268', 'Mesure de la performance et pilotage',false)
INSERT INTO formation.MODULES (IdModules, Intitule, ModuleChoix) VALUES('39269', 'Revision comptable',false)
INSERT INTO formation.MODULES (IdModules, Intitule, ModuleChoix) VALUES('39270', 'Tronc commun',false)
INSERT INTO formation.MODULES (IdModules, Intitule, ModuleChoix) VALUES('39272', 'Communication ecrite et orale en audit interne',true)
INSERT INTO formation.MODULES (IdModules, Intitule, ModuleChoix) VALUES('39273', 'Construction projet de recherche en management',true)
INSERT INTO formation.MODULES (IdModules, Intitule, ModuleChoix) VALUES('39274', 'Diagnostic industriel et logistique',true)
INSERT INTO formation.MODULES (IdModules, Intitule, ModuleChoix) VALUES('39275', 'Evaluation des systemes d information',true)
INSERT INTO formation.MODULES (IdModules, Intitule, ModuleChoix) VALUES('39276', 'Excel avance&business object analyse des donnees',true)
INSERT INTO formation.MODULES (IdModules, Intitule, ModuleChoix) VALUES('39277', 'Les dernieres avancees en management en finance',true)
INSERT INTO formation.MODULES (IdModules, Intitule, ModuleChoix) VALUES('39278', 'Methodes de diagnostic 1',true)
INSERT INTO formation.MODULES (IdModules, Intitule, ModuleChoix) VALUES('39279', 'Normes IFRS',true)
INSERT INTO formation.MODULES (IdModules, Intitule, ModuleChoix) VALUES('39280', 'Strategie et controle de gestion',true)
INSERT INTO formation.MODULES (IdModules, Intitule, ModuleChoix) VALUES('39281', 'Stage',false)
INSERT INTO formation.MODULES (IdModules, Intitule, ModuleChoix) VALUES('40062', 'MSI',false)
INSERT INTO formation.MODULES (IdModules, Intitule, ModuleChoix) VALUES('40063', 'Stage',false)
INSERT INTO formation.MODULES (IdModules, Intitule, ModuleChoix) VALUES('40064', 'MSI',false)
INSERT INTO formation.MODULES (IdModules, Intitule, ModuleChoix) VALUES('40073', 'Tronc commun',false)
INSERT INTO formation.MODULES (IdModules, Intitule, ModuleChoix) VALUES('40075', 'Tronc commun',false)
INSERT INTO formation.MODULES (IdModules, Intitule, ModuleChoix) VALUES('40076', 'Construction d un projet de recherche en managmt',true)
INSERT INTO formation.MODULES (IdModules, Intitule, ModuleChoix) VALUES('40077', 'Architectures distribuees',true)
INSERT INTO formation.MODULES (IdModules, Intitule, ModuleChoix) VALUES('40078', 'Tronc commun',false)
INSERT INTO formation.MODULES (IdModules, Intitule, ModuleChoix) VALUES('40082', 'Systemes d infocomplexes evolutifs oriente connais',true)
INSERT INTO formation.MODULES (IdModules, Intitule, ModuleChoix) VALUES('40085', 'Integrateur d applications d entreprise',true)
INSERT INTO formation.MODULES (IdModules, Intitule, ModuleChoix) VALUES('40086', 'Extraction de connaissances a partir de donnees',true)
INSERT INTO formation.MODULES (IdModules, Intitule, ModuleChoix) VALUES('40087', 'Dernier.avancees management Systemes d information',true)
INSERT INTO formation.MODULES (IdModules, Intitule, ModuleChoix) VALUES('40089', 'Stage',false)
INSERT INTO formation.MODULES (IdModules, Intitule, ModuleChoix) VALUES('40091', 'Tronc commun',false)
INSERT INTO formation.MODULES (IdModules, Intitule, ModuleChoix) VALUES('40092', 'Tronc commun',false)
INSERT INTO formation.MODULES (IdModules, Intitule, ModuleChoix) VALUES('40094', 'Construction d un projet de recherche en managemen',false)
INSERT INTO formation.MODULES (IdModules, Intitule, ModuleChoix) VALUES('40095', 'Approche systemiques des systemes d information',false)
INSERT INTO formation.MODULES (IdModules, Intitule, ModuleChoix) VALUES('40096', 'Tronc commun',false)
INSERT INTO formation.MODULES (IdModules, Intitule, ModuleChoix) VALUES('40098', 'Systemes d information communicants : recherche et',false)
INSERT INTO formation.MODULES (IdModules, Intitule, ModuleChoix) VALUES('40099', 'Conduite du changement et innovation',false)
INSERT INTO formation.MODULES (IdModules, Intitule, ModuleChoix) VALUES('40100', 'Stage',false)
INSERT INTO formation.MODULES (IdModules, Intitule, ModuleChoix) VALUES('40952', 'Matieres Obligatoires',false)
INSERT INTO formation.MODULES (IdModules, Intitule, ModuleChoix) VALUES('40953', 'Matieres obligatoires',false)
INSERT INTO formation.MODULES (IdModules, Intitule, ModuleChoix) VALUES('41471', 'Methodes de diagnostic 2',false)
INSERT INTO formation.MODULES (IdModules, Intitule, ModuleChoix) VALUES('41657', 'Projets collectifs',false)
INSERT INTO formation.MODULES (IdModules, Intitule, ModuleChoix) VALUES('41759', 'Report de moyenne theorique',false)
INSERT INTO formation.MODULES (IdModules, Intitule, ModuleChoix) VALUES('41761', 'Report moyenne theorique',false)
INSERT INTO formation.MODULES (IdModules, Intitule, ModuleChoix) VALUES('41762', 'Report de moyenne theorique',false)
INSERT INTO formation.MODULES (IdModules, Intitule, ModuleChoix) VALUES('41763', 'Report de moyenne theoique',false)
INSERT INTO formation.MODULES (IdModules, Intitule, ModuleChoix) VALUES('41765', 'Report de moyenne theorique',false)
INSERT INTO formation.MODULES (IdModules, Intitule, ModuleChoix) VALUES('41766', 'Report de moyenne theorique',false)
INSERT INTO formation.MODULES (IdModules, Intitule, ModuleChoix) VALUES('41767', 'Report de moyenne theorique',false)
INSERT INTO formation.MODULES (IdModules, Intitule, ModuleChoix) VALUES('41768', 'Report de moyenne theorique',false)
INSERT INTO formation.MODULES (IdModules, Intitule, ModuleChoix) VALUES('41769', 'Report de moyenne theorique',false)
INSERT INTO formation.MODULES (IdModules, Intitule, ModuleChoix) VALUES('41770', 'Report de moyenne theorique',false)
INSERT INTO formation.MODULES (IdModules, Intitule, ModuleChoix) VALUES('42464', 'Indicateur de performance et daignostic des proces',false)
INSERT INTO formation.MODULES (IdModules, Intitule, ModuleChoix) VALUES('42466', 'Derniere avancees en managmt ds Systemes d info',false)
INSERT INTO formation.MODULES (IdModules, Intitule, ModuleChoix) VALUES('43183', 'Sport',false)
INSERT INTO formation.MATIERE (IdMatiere, Intitule) VALUES ('01220105', 'Droit des affaires')
INSERT INTO formation.MATIERE (IdUMatiere, Intitule) VALUES('01220143', 'Environnement juridique international des affaires')
INSERT INTO formation.MATIERE (IdUMatiere, Intitule) VALUES('01240058', 'Droit social')
INSERT INTO formation.MATIERE (IdUMatiere, Intitule) VALUES('01240061', 'Droit du travail et des relations professionnelles 1')
INSERT INTO formation.MATIERE (IdUMatiere, Intitule) VALUES('01240062', 'Droit du travail et des relations professionnelles 2')
INSERT INTO formation.MATIERE (IdUMatiere, Intitule) VALUES('02240027', 'Droit fiscal')
INSERT INTO formation.MATIERE (IdUMatiere, Intitule) VALUES('02240042', 'Fiscalite des decisions financieres')
INSERT INTO formation.MATIERE (IdUMatiere, Intitule) VALUES('04210025', 'Geopolitique et interculturel')
INSERT INTO formation.MATIERE (IdUMatiere, Intitule) VALUES('05200029', 'Economie du tavail et politique de l emploi')
INSERT INTO formation.MATIERE (IdUMatiere, Intitule) VALUES('05220015', 'Gestion des risques financiers')
INSERT INTO formation.MATIERE (IdUMatiere, Intitule) VALUES('05260028', 'Environnement international des affaires')
INSERT INTO formation.MATIERE (IdUMatiere, Intitule) VALUES('05260029', 'Finance internationale')
INSERT INTO formation.MATIERE (IdUMatiere, Intitule) VALUES('06200090', 'Stage et note de synthese')
INSERT INTO formation.MATIERE (IdUMatiere, Intitule) VALUES('06200098', 'Construction d un projet de recherche en management')
INSERT INTO formation.MATIERE (IdUMatiere, Intitule) VALUES('06200099', 'Construction d un projet de recherche en management')
INSERT INTO formation.MATIERE (IdUMatiere, Intitule) VALUES('06200107', 'Methodologie de construction des connaissances 1')
INSERT INTO formation.MATIERE (IdUMatiere, Intitule) VALUES('06200108', 'Methodologie de construction des connaissances 2')
INSERT INTO formation.MATIERE (IdUMatiere, Intitule) VALUES('06200133', 'Integration et interactions des fonctions et outils de la SC')
INSERT INTO formation.MATIERE (IdUMatiere, Intitule) VALUES('06200134', 'Mise en oeuvre et optimisation de la SC')
INSERT INTO formation.MATIERE (IdUMatiere, Intitule) VALUES('06200148', 'Stage et note de synthese')
INSERT INTO formation.MATIERE (IdUMatiere, Intitule) VALUES('06200149', 'Stage et note de synthese')
INSERT INTO formation.MATIERE (IdUMatiere, Intitule) VALUES('06200176', 'Les dernieres avancees en management en finance')
INSERT INTO formation.MATIERE (IdUMatiere, Intitule) VALUES('06200186', 'Methodologie du memoire')
INSERT INTO formation.MATIERE (IdUMatiere, Intitule) VALUES('06200192', 'Construction d un projet de recherche en management')
INSERT INTO formation.MATIERE (IdUMatiere, Intitule) VALUES('06200249', 'Methodologie du memoire')
INSERT INTO formation.MATIERE (IdUMatiere, Intitule) VALUES('06200250', 'Methodologie du memoire')
INSERT INTO formation.MATIERE (IdUMatiere, Intitule) VALUES('06210113', 'Vie professionnelle et travail en equipe 1')
INSERT INTO formation.MATIERE (IdUMatiere, Intitule) VALUES('06210114', 'Qualite du management et leadership')
INSERT INTO formation.MATIERE (IdUMatiere, Intitule) VALUES('06210115', 'Processus de conduite du changement')
INSERT INTO formation.MATIERE (IdUMatiere, Intitule) VALUES('06210116', 'Vie professionnelle et travail en equipe 2')
INSERT INTO formation.MATIERE (IdUMatiere, Intitule) VALUES('06210117', 'Gestion des ressources humaines')
INSERT INTO formation.MATIERE (IdUMatiere, Intitule) VALUES('06210118', 'Sociologie et qualite')
INSERT INTO formation.MATIERE (IdUMatiere, Intitule) VALUES('06210119', 'Dimension psychologique du management')
INSERT INTO formation.MATIERE (IdUMatiere, Intitule) VALUES('06210120', 'Comportement et activite des managers ')
INSERT INTO formation.MATIERE (IdUMatiere, Intitule) VALUES('06210121', 'Architecture et rythme du changement')
INSERT INTO formation.MATIERE (IdUMatiere, Intitule) VALUES('06210122', 'Audit des ressources humaines')
INSERT INTO formation.MATIERE (IdUMatiere, Intitule) VALUES('06210123', 'Systeme de gouvernance complexe')
INSERT INTO formation.MATIERE (IdUMatiere, Intitule) VALUES('06210129', 'Comportement des individus et management')
INSERT INTO formation.MATIERE (IdUMatiere, Intitule) VALUES('06210130', 'Preparation a la recherche en management des ressources humaines et organisation')
INSERT INTO formation.MATIERE (IdUMatiere, Intitule) VALUES('06210131', 'Sociologie du travail et des organisations')
INSERT INTO formation.MATIERE (IdUMatiere, Intitule) VALUES('06210152', 'Audit organisationnel')
INSERT INTO formation.MATIERE (IdUMatiere, Intitule) VALUES('06210167', 'Theorie des organisations et du management')
INSERT INTO formation.MATIERE (IdUMatiere, Intitule) VALUES('06210168', 'Projets et conduite du changement')
INSERT INTO formation.MATIERE (IdUMatiere, Intitule) VALUES('06210192', 'Diagnostic organisationnel')
INSERT INTO formation.MATIERE (IdUMatiere, Intitule) VALUES('06210193', 'Methodes de diagnostic 1')
INSERT INTO formation.MATIERE (IdUMatiere, Intitule) VALUES('06210242', 'Conduite du changement et innovation')
INSERT INTO formation.MATIERE (IdUMatiere, Intitule) VALUES('06210419', 'Recrutement et evaluation')
INSERT INTO formation.MATIERE (IdUMatiere, Intitule) VALUES('06220046', 'Management strategique')
INSERT INTO formation.MATIERE (IdUMatiere, Intitule) VALUES('06220047', 'Audit strategique')
INSERT INTO formation.MATIERE (IdUMatiere, Intitule) VALUES('06220063', 'Management strategique')
INSERT INTO formation.MATIERE (IdUMatiere, Intitule) VALUES('06220064', 'Entrepreneuriat')
INSERT INTO formation.MATIERE (IdUMatiere, Intitule) VALUES('06220065', 'Ethique et responsabilites manageriales')
INSERT INTO formation.MATIERE (IdUMatiere, Intitule) VALUES('06220077', 'Developpement international de l entreprise')
INSERT INTO formation.MATIERE (IdUMatiere, Intitule) VALUES('06220078', 'Deploiement international de l entreprise')
INSERT INTO formation.MATIERE (IdUMatiere, Intitule) VALUES('06220079', 'International corporate development')
INSERT INTO formation.MATIERE (IdUMatiere, Intitule) VALUES('06220080', 'Territorial development')
INSERT INTO formation.MATIERE (IdUMatiere, Intitule) VALUES('06220083', 'Performance et developpement durable des organisations')
INSERT INTO formation.MATIERE (IdUMatiere, Intitule) VALUES('06220084', 'Approches fonctionnelles et sectorielles du pilotage')
INSERT INTO formation.MATIERE (IdUMatiere, Intitule) VALUES('06220085', 'Gouvernement d entreprise ')
INSERT INTO formation.MATIERE (IdUMatiere, Intitule) VALUES('06220086', 'Diagnostic strategique')
INSERT INTO formation.MATIERE (IdUMatiere, Intitule) VALUES('06220087', 'L entreprise en difficulte')
INSERT INTO formation.MATIERE (IdUMatiere, Intitule) VALUES('06230080', 'Comptabilite de l entreprise')
INSERT INTO formation.MATIERE (IdUMatiere, Intitule) VALUES('06230081', 'Comptabilite et controle de gestion strategique')
INSERT INTO formation.MATIERE (IdUMatiere, Intitule) VALUES('06230082', 'Audit comptable et financier')
INSERT INTO formation.MATIERE (IdUMatiere, Intitule) VALUES('06230090', 'Consolidation en IFRS')
INSERT INTO formation.MATIERE (IdUMatiere, Intitule) VALUES('06230102', 'Revision comptable')
INSERT INTO formation.MATIERE (IdUMatiere, Intitule) VALUES('06230103', 'Norme IFRS')
INSERT INTO formation.MATIERE (IdUMatiere, Intitule) VALUES('06240068', 'Methodes qualitatives/quantitatives de l enqute')
INSERT INTO formation.MATIERE (IdUMatiere, Intitule) VALUES('06240069', 'Comportement du consommateur/Comportement du client')
INSERT INTO formation.MATIERE (IdUMatiere, Intitule) VALUES('06240070', 'Preparation a la recherche en marketing et vente')
INSERT INTO formation.MATIERE (IdUMatiere, Intitule) VALUES('06240071', 'Marketing international')
INSERT INTO formation.MATIERE (IdUMatiere, Intitule) VALUES('06240072', 'Marketing relationnel')
INSERT INTO formation.MATIERE (IdUMatiere, Intitule) VALUES('06240073', 'Marketing public')
INSERT INTO formation.MATIERE (IdUMatiere, Intitule) VALUES('06240074', 'Innovation et marketing')
INSERT INTO formation.MATIERE (IdUMatiere, Intitule) VALUES('06240127', 'Qualite plans marketing')
INSERT INTO formation.MATIERE (IdUMatiere, Intitule) VALUES('06240128', 'Audit marketing-vente')
INSERT INTO formation.MATIERE (IdUMatiere, Intitule) VALUES('06240147', 'International marketing')
INSERT INTO formation.MATIERE (IdUMatiere, Intitule) VALUES('06250021', 'Pilotage de la chane logistique globale')
INSERT INTO formation.MATIERE (IdUMatiere, Intitule) VALUES('06250022', 'Audit industriel')
INSERT INTO formation.MATIERE (IdUMatiere, Intitule) VALUES('06250055', 'International supply chain management')
INSERT INTO formation.MATIERE (IdUMatiere, Intitule) VALUES('06250057', 'Diagnostic industriel et logistique')
INSERT INTO formation.MATIERE (IdUMatiere, Intitule) VALUES('06260027', 'Preparation a la recherche en management international')
INSERT INTO formation.MATIERE (IdUMatiere, Intitule) VALUES('06260028', 'Veille strategique en contexte international')
INSERT INTO formation.MATIERE (IdUMatiere, Intitule) VALUES('06260029', 'Management interculturel')
INSERT INTO formation.MATIERE (IdUMatiere, Intitule) VALUES('06260030', 'Doing international business:technical tools and practice ')
INSERT INTO formation.MATIERE (IdUMatiere, Intitule) VALUES('06260031', 'Introduction to international business')
INSERT INTO formation.MATIERE (IdUMatiere, Intitule) VALUES('06260032', 'Preparation to research in international management')
INSERT INTO formation.MATIERE (IdUMatiere, Intitule) VALUES('06260033', 'Strateg.manag.:flexibility,outsourcing,mergers strategic actions European compa.')
INSERT INTO formation.MATIERE (IdUMatiere, Intitule) VALUES('06260034', 'International business intelligence')
INSERT INTO formation.MATIERE (IdUMatiere, Intitule) VALUES('06260036', 'Seminaire international / International Seminar')
INSERT INTO formation.MATIERE (IdUMatiere, Intitule) VALUES('06270015', 'Fondamentaux de la communication')
INSERT INTO formation.MATIERE (IdUMatiere, Intitule) VALUES('06270024', 'Communication ecrite et orale en audit interne')
INSERT INTO formation.MATIERE (IdUMatiere, Intitule) VALUES('06270043', 'Communication manageriale')
INSERT INTO formation.MATIERE (IdUMatiere, Intitule) VALUES('06280012', 'Outils operationnels de management')
INSERT INTO formation.MATIERE (IdUMatiere, Intitule) VALUES('06290132', 'Stage et memoire')
INSERT INTO formation.MATIERE (IdUMatiere, Intitule) VALUES('06290133', 'Stage et memoire')
INSERT INTO formation.MATIERE (IdUMatiere, Intitule) VALUES('06290139', 'Stage et note de synthese')
INSERT INTO formation.MATIERE (IdUMatiere, Intitule) VALUES('06290142', 'Stage et note de synthese')
INSERT INTO formation.MATIERE (IdUMatiere, Intitule) VALUES('06290151', 'Preparation a la recherche en management des operations et qualites')
INSERT INTO formation.MATIERE (IdUMatiere, Intitule) VALUES('06290155', 'Stage et note de synthese')
INSERT INTO formation.MATIERE (IdUMatiere, Intitule) VALUES('06290156', 'Stage et note de synthese')
INSERT INTO formation.MATIERE (IdUMatiere, Intitule) VALUES('06290157', 'Stage')
INSERT INTO formation.MATIERE (IdUMatiere, Intitule) VALUES('06290178', 'Stage et note de synthese')
INSERT INTO formation.MATIERE (IdUMatiere, Intitule) VALUES('06290182', 'Stage et memoire')
INSERT INTO formation.MATIERE (IdUMatiere, Intitule) VALUES('06290184', 'Stage et memoire')
INSERT INTO formation.MATIERE (IdUMatiere, Intitule) VALUES('06290271', 'Pratiques manageriales anglophones 1')
INSERT INTO formation.MATIERE (IdUMatiere, Intitule) VALUES('06290272', 'Pratiques manageriales anglophones 2')
INSERT INTO formation.MATIERE (IdUMatiere, Intitule) VALUES('06290273', 'Sante, condition de travail et RPS')
INSERT INTO formation.MATIERE (IdUMatiere, Intitule) VALUES('06300054', 'Creation de valeur ajoutee')
INSERT INTO formation.MATIERE (IdUMatiere, Intitule) VALUES('06300063', 'Analyse financiere')
INSERT INTO formation.MATIERE (IdUMatiere, Intitule) VALUES('06300064', 'Theorie bancaire')
INSERT INTO formation.MATIERE (IdUMatiere, Intitule) VALUES('06300066', 'Financement bancaire')
INSERT INTO formation.MATIERE (IdUMatiere, Intitule) VALUES('06300067', 'Assurances')
INSERT INTO formation.MATIERE (IdUMatiere, Intitule) VALUES('06300068', 'Jeu de management financier')
INSERT INTO formation.MATIERE (IdUMatiere, Intitule) VALUES('06300069', 'Strategie bancaire')
INSERT INTO formation.MATIERE (IdUMatiere, Intitule) VALUES('06300070', 'Gestion de tresorerie')
INSERT INTO formation.MATIERE (IdUMatiere, Intitule) VALUES('06300071', 'Theorie financiere et choix d investissement')
INSERT INTO formation.MATIERE (IdUMatiere, Intitule) VALUES('06300072', 'Preparation a la recherche en finance')
INSERT INTO formation.MATIERE (IdUMatiere, Intitule) VALUES('06300073', 'Gestion de tresorerie')
INSERT INTO formation.MATIERE (IdUMatiere, Intitule) VALUES('06300074', 'Financement de l entreprise')
INSERT INTO formation.MATIERE (IdUMatiere, Intitule) VALUES('06300075', 'Strategie financiere')
INSERT INTO formation.MATIERE (IdUMatiere, Intitule) VALUES('06300076', 'Diagnostic de la performance/jeu de management financier')
INSERT INTO formation.MATIERE (IdUMatiere, Intitule) VALUES('06300077', 'Evaluation d entreprise')
INSERT INTO formation.MATIERE (IdUMatiere, Intitule) VALUES('06300098', 'Les dernieres avancees en management en finance')
INSERT INTO formation.MATIERE (IdUMatiere, Intitule) VALUES('06300109', 'Finance:corporate governance and value creation in European companies')
INSERT INTO formation.MATIERE (IdUMatiere, Intitule) VALUES('06300110', 'Diagnostic financier des groupes')
INSERT INTO formation.MATIERE (IdUMatiere, Intitule) VALUES('06300114', 'Financements de l entreprise')
INSERT INTO formation.MATIERE (IdUMatiere, Intitule) VALUES('06300115', 'Private equity et financement structure')
INSERT INTO formation.MATIERE (IdUMatiere, Intitule) VALUES('06300116', 'Ingenierie financiere et decisions strategiques')
INSERT INTO formation.MATIERE (IdUMatiere, Intitule) VALUES('06300117', 'Analyse des risques et audit financier')
INSERT INTO formation.MATIERE (IdUMatiere, Intitule) VALUES('06300118', 'Diagnostic des ressources technologiques')
INSERT INTO formation.MATIERE (IdUMatiere, Intitule) VALUES('06300119', 'Diagnostic de la performance et de la situation financiere 1')
INSERT INTO formation.MATIERE (IdUMatiere, Intitule) VALUES('06300120', 'Diagnostic de la fonction commerciale')
INSERT INTO formation.MATIERE (IdUMatiere, Intitule) VALUES('06300121', 'Diagnostic de la performance et de la situation financiere 2')
INSERT INTO formation.MATIERE (IdUMatiere, Intitule) VALUES('06300305', 'Indicateur de performance et diagnostic des processus')
INSERT INTO formation.MATIERE (IdUMatiere, Intitule) VALUES('06310023', 'Theorie et pratique de l audit interne')
INSERT INTO formation.MATIERE (IdUMatiere, Intitule) VALUES('06310029', 'Controle de gestion')
INSERT INTO formation.MATIERE (IdUMatiere, Intitule) VALUES('06310036', 'Audit legal')
INSERT INTO formation.MATIERE (IdUMatiere, Intitule) VALUES('06310037', 'Outils specifiques du controle de gestion')
INSERT INTO formation.MATIERE (IdUMatiere, Intitule) VALUES('06310038', 'Mesure de la performance et pilotage')
INSERT INTO formation.MATIERE (IdUMatiere, Intitule) VALUES('06310039', 'Excel et visual basic pour le controle de gestion')
INSERT INTO formation.MATIERE (IdUMatiere, Intitule) VALUES('06310040', 'Methodologie de l audit interne')
INSERT INTO formation.MATIERE (IdUMatiere, Intitule) VALUES('06310041', 'Techniques de l audit')
INSERT INTO formation.MATIERE (IdUMatiere, Intitule) VALUES('06310042', 'Audit interne et management du risque')
INSERT INTO formation.MATIERE (IdUMatiere, Intitule) VALUES('06310043', 'Les referentiels de controle interne')
INSERT INTO formation.MATIERE (IdUMatiere, Intitule) VALUES('06310044', 'Strategie et controle de gestion')
INSERT INTO formation.MATIERE (IdUMatiere, Intitule) VALUES('06310045', 'Methodes de diagnostic 2')
INSERT INTO formation.MATIERE (IdUMatiere, Intitule) VALUES('06320036', 'Techniques de vente')
INSERT INTO formation.MATIERE (IdUMatiere, Intitule) VALUES('06320094', 'Techniques de ventes')
INSERT INTO formation.MATIERE (IdUMatiere, Intitule) VALUES('06330001', 'Pilotage des achats et problematique par marche')
INSERT INTO formation.MATIERE (IdUMatiere, Intitule) VALUES('06330002', 'Strategie achat et outils de negociation')
INSERT INTO formation.MATIERE (IdUMatiere, Intitule) VALUES('06330003', 'Instrumentation et marketing achat')
INSERT INTO formation.MATIERE (IdUMatiere, Intitule) VALUES('06340013', 'Qualite de la production industrielle')
INSERT INTO formation.MATIERE (IdUMatiere, Intitule) VALUES('06340014', 'Certification et audit qualite')
INSERT INTO formation.MATIERE (IdUMatiere, Intitule) VALUES('06340015', 'Audit de la qualite')
INSERT INTO formation.MATIERE (IdUMatiere, Intitule) VALUES('11180634', 'Anglais des affaires')
INSERT INTO formation.MATIERE (IdUMatiere, Intitule) VALUES('11180635', 'Anglais des affaires')
INSERT INTO formation.MATIERE (IdUMatiere, Intitule) VALUES('11180636', 'Seminaire international')
INSERT INTO formation.MATIERE (IdUMatiere, Intitule) VALUES('14190042', 'Espagnol')
INSERT INTO formation.MATIERE (IdUMatiere, Intitule) VALUES('14190043', 'Espagnol')
INSERT INTO formation.MATIERE (IdUMatiere, Intitule) VALUES('25200007', 'Techniques quantitatives et statistiques')
INSERT INTO formation.MATIERE (IdUMatiere, Intitule) VALUES('27210005', 'Architecture des systemes d information')
INSERT INTO formation.MATIERE (IdUMatiere, Intitule) VALUES('27210010', 'Systeme d information integre')
INSERT INTO formation.MATIERE (IdUMatiere, Intitule) VALUES('27210013', 'Conception de systeme d information')
INSERT INTO formation.MATIERE (IdUMatiere, Intitule) VALUES('27210014', 'Analyse de SI d entreprise')
INSERT INTO formation.MATIERE (IdUMatiere, Intitule) VALUES('27210015', 'Stockage de l information')
INSERT INTO formation.MATIERE (IdUMatiere, Intitule) VALUES('27210016', 'Methodes avancees de developpement des SI')
INSERT INTO formation.MATIERE (IdUMatiere, Intitule) VALUES('27210017', 'Architectures distribuees')
INSERT INTO formation.MATIERE (IdUMatiere, Intitule) VALUES('27210018', 'Approche systemique des systemes d information')
INSERT INTO formation.MATIERE (IdUMatiere, Intitule) VALUES('27220008', 'Systeme de gestion integre et controle de gestion')
INSERT INTO formation.MATIERE (IdUMatiere, Intitule) VALUES('27220009', 'Evaluation des systemes d information')
INSERT INTO formation.MATIERE (IdUMatiere, Intitule) VALUES('27220010', 'L entreprise et son systeme d information')
INSERT INTO formation.MATIERE (IdUMatiere, Intitule) VALUES('27230035', 'NTIC et e-commerce')
INSERT INTO formation.MATIERE (IdUMatiere, Intitule) VALUES('27250000', 'Systemes d information decisionnels')
INSERT INTO formation.MATIERE (IdUMatiere, Intitule) VALUES('27260011', 'Infrastructures techniques et architectures appplicatives')
INSERT INTO formation.MATIERE (IdUMatiere, Intitule) VALUES('27260012', 'Entrepots de donnees')
INSERT INTO formation.MATIERE (IdUMatiere, Intitule) VALUES('27260013', 'PGI-ERP et demarche d integration')
INSERT INTO formation.MATIERE (IdUMatiere, Intitule) VALUES('27270012', 'Techniques et usages')
INSERT INTO formation.MATIERE (IdUMatiere, Intitule) VALUES('27290012', 'Excel avance et business object pour l analyse des donnees')
INSERT INTO formation.MATIERE (IdUMatiere, Intitule) VALUES('27290013', 'Dernieres avancees en management des Systemes d information')
INSERT INTO formation.MATIERE (IdUMatiere, Intitule) VALUES('27290014', 'Developpement d applications et progiciels metier')
INSERT INTO formation.MATIERE (IdUMatiere, Intitule) VALUES('27290015', 'Gestion des ressources informatiques')
INSERT INTO formation.MATIERE (IdUMatiere, Intitule) VALUES('27290016', 'Preparation a la recherche en management des sytemes d information')
INSERT INTO formation.MATIERE (IdUMatiere, Intitule) VALUES('27290017', 'Audit et gestion de la securite des SI')
INSERT INTO formation.MATIERE (IdUMatiere, Intitule) VALUES('27290018', 'Bonnes pratiques et normalisation du SI')
INSERT INTO formation.MATIERE (IdUMatiere, Intitule) VALUES('27290019', 'Ingenerie des SI a base de composants')
INSERT INTO formation.MATIERE (IdUMatiere, Intitule) VALUES('27290020', 'Architecture des systemes d information d entreprise')
INSERT INTO formation.MATIERE (IdUMatiere, Intitule) VALUES('27290021', 'Integrateur d applications d entreprise')
INSERT INTO formation.MATIERE (IdUMatiere, Intitule) VALUES('27290034', 'Dernieres technologies en managements des systemes d information')
INSERT INTO formation.MATIERE (IdUMatiere, Intitule) VALUES('27300000', 'Systemes d information complexes evolutifs orientes connaissances')
INSERT INTO formation.MATIERE (IdUMatiere, Intitule) VALUES('27300001', 'Extraction de connaissances a partir de donnees')
INSERT INTO formation.MATIERE (IdUMatiere, Intitule) VALUES('27340003', 'Systemes d information collaboratifs')
INSERT INTO formation.MATIERE (IdUMatiere, Intitule) VALUES('27340004', 'Systemes d information communicant : recherche et Innovation')
INSERT INTO formation.MATIERE (IdUMatiere, Intitule) VALUES('71280046', 'E-Transformation de l entreprise')
INSERT INTO formation.MATIERE (IdUMatiere, Intitule) VALUES('71290063', 'Analyse et gestion des risques lies aux systemes d information')
INSERT INTO formation.MATIERE (IdUMatiere, Intitule) VALUES('71290064', 'Qualite des systemes d information')
INSERT INTO formation.MATIERE (IdUMatiere, Intitule) VALUES('71340000', 'Seminaire projet : cas de synthese')
INSERT INTO formation.MATIERE (IdUMatiere, Intitule) VALUES('71340001', 'Gouvernance et strategie des systemes d information')
INSERT INTO formation.MATIERE (IdUMatiere, Intitule) VALUES('71350000', 'Organisation et management de projets sytemes d information')
INSERT INTO formation.MATIERE (IdUMatiere, Intitule) VALUES('74000190', 'Bonification sport')
INSERT INTO formation.MATIERE (IdUMatiere, Intitule) VALUES('7400146', 'Bonification sport')
INSERT INTO formation.MATIERE (IdUMatiere, Intitule) VALUES('99000450', 'Bonification projets collectifs')
INSERT INTO formation.MATIERE (IdUMatiere, Intitule) VALUES('99000462', 'Report moyenne theorique annee anterieure')
INSERT INTO formation.MATIERE (IdUMatiere, Intitule) VALUES('99000463', 'Report moyenne theorique annee anterieure')
